first_name,last_name,password
Crissie,Molnar,niwtyfgdzquvyogdjpod
Karee,Keave,ojzbdlymkidwejzbssca
Editha,Kubas,vrtgdlvswlquntueinpi
Denney,Havvock,npgdsnnedcqrjmmjscxi
Roz,Halpine,yinknotrnfouskkndhxg
Margette,Archley,jsyjogrxkratgphnezza
Geri,Cobby,fuaocjavyobmngfcbiil
Dill,Roloff,mplvlcphpiqxbyqbowpu
Donnell,Bourrel,olanelrdcywqdeycpwku
Isidora,Murrhaupt,cvrnkzmqscgksbtxxqop
Rubie,Lorant,famhdkbndwtjavtmibgv
Fionnula,Lyman,rptkiejorutvqbqoxsam
Anabel,Keymer,zibnasjdelvwndnupawj
Aggi,Buckles,wlicftmahhjrugmppejv
Jodie,Di Roberto,yzqpjuwuhjdsbmczsctz
Aubrette,Gerner,aqrecepgzvnpmrposuhf
Felicity,Brasner,wrfrpwbcwgzywusynitd
Benedicta,Durdy,xzkukuceoihhxpdbdczc
Fidelity,Yesson,uqryqxgywaszhwajybiu
Sheridan,Kilbourn,gwegqnyzeoiypubtlzfg
Brittani,Maclaine,wpvlmzyuqknozvvrugvo
Whitney,Happs,nppsbobsjkicgtbjjazy
Angelo,Eldered,trfzrqmkgqctlvfkgeka
Renault,Matzeitis,yxjabqfonkbllnrbryci
Herculie,Greneham,fflfmpadqerbwwxshjfw
Clarisse,Curnock,ghiunihppoeneitnjiaq
Gavrielle,Dawbury,sctnngdwfswllqcefnfm
Shellie,Pouton,zzyqpjcniienvpmgcbdt
Loni,Cordelette,eysarjziydaptthzgsng
Catlee,Ellicock,ekckcnkajsyswfbljtmn
Cinda,Durrand,hxgoyulhrlahmvcprjtv
Irena,Horsley,trenegbmymjjtyanuthd
Kelsy,Willmont,uyuqyvsrlyieywfvyqdl
Chickie,Sollner,itzxibbwokqldicsdzkj
Wendall,Darrach,ugiecpatvqerlbjwffvn
Konstanze,Plumtree,oecqtbhttbehvttnejba
Neille,Barczynski,wzfmuhvspcucthpgdpww
Constantino,Blundell,qqhmmjivuyjshzafjaqk
Lennie,Deamer,cjzqwgvywyecmzulnnwc
Arney,Radnage,ryxlpyygzhhlhuoabavu
Nissy,Bradford,etnfzvkkvyldbhkoqkcd
Maxy,Cerman,qlktokussbpamavxatry
Bale,Huckabe,kbjtlqlokyrgezfvtvfp
Renelle,Bottoms,amshnirklgpkhkdbqwwt
Orsa,Dawkes,mqnmrtqdpicnauwzsziw
Lizette,Botte,ceoqdjwrmaptklxsulvp
Hurleigh,Berthome,ossofemxuvhjdytvuqnz
Gray,Emanuelli,lnckxqzxaebwalnxgxnu
Val,Blyth,phfmnkwhhjljbipumqbk
Bamby,Yushkov,sdxsxizloyzribfuplnd
Renaldo,Villalta,mpyluiouiqobqezystbl
Matt,Hinksen,uanlecmfapulcdghelhj
Winston,Podd,oeacsywaybhpxavycdkg
Fitzgerald,Allsup,vtsiubawjemntptdlxis
Bambi,Abrahamson,vugyisgmzaqtaatnorev
Jerome,Wigelsworth,vdmfrmraszbxoavbliwi
Hi,Calloway,ofnfxhjrtfovhirnwrpd
Brigham,Posvner,nplfgthsjkzxnbywygnh
Ida,Ogilvy,dhqfxjskaxuubrdppyqi
Corey,Elcox,rxempligshejhlfexwbk
Patti,Ridewood,upvaarxemuhfshpwffsj
Ariel,Scoble,zedtsddngqtyhdaannxq
Alvina,Spittal,nxlrbxmxrssuypxhahki
Fredric,Adamson,wfqsuckzqrinhnfvhvbo
Arie,Wyper,uvyhnlzvhlxojgzukuoh
Minor,Buckel,cmcwjfslbsnwatlymbix
Way,Plaxton,vitzqoymdsazmtpttqnn
Kim,Matz,zvzippxxttgelejoersh
Wallis,Balazs,lreagslhagjqznwqmojc
Tedd,Towner,vhxozoqyeutfcodigkvy
Ashlee,Kops,nvjrmktkuflbiaqhdrly
Patrice,Sanper,smombyruwdrzexyzaypt
Mead,Batchan,wycroeuhgfzdzckxawfb
Quincy,Locard,fdpzzqjzvcfrkoehiqau
Frazier,Brimley,wkxqodcglewxwaoxoshs
Hi,Bewly,saionkygwtyrqznvjyti
Tremayne,Japp,fihixlqlcbkiknpzokls
Gus,Stocken,lfhkmojimtxnuwceitbu
Nikkie,Crockley,vtxxxangwuigrgehdsfq
Harriette,Smout,vroaodcuftjjmdfjmfeo
Claresta,McGibbon,sztojzhuozutscxsdvfc
Pearl,Darville,blhxzpyfmmrwjbdurzll
Adrianne,Eisikowitch,mborgupydwxerzupwnua
Nicolea,Fiddian,tqjpmlurazjbszfxvdbn
Ashlin,Kynton,tfalhoxcitizhldkwkgk
Constance,Oulner,miwdexgltwcigintarug
Vivyanne,Bes,wldcmmkkxyfgqzvmfynk
Jackquelin,Duell,xlkjtlcenyjufnjkuenz
Rosy,Marcham,kltbqraxtaxqqdfxngif
Josey,Pieters,xvcibmhmdnlqdwtnxtni
Derrek,Leming,purfkawxtleegmeulqid
Alia,Klaffs,ohrrzwwayzaotirecupa
Kendell,Huntly,ilcyahlvznxsdjetndka
Elly,Brattan,kmqqymzrzututsexlmth
Ginevra,Ladbrook,pttzdfhbbzsyojskpqxj
Audi,Dannehl,qsuirserzyevrykbclwl
Ricki,Giannini,hlxqysnacovzycpwrkni
Carma,Moisey,nkjpaeroyllczbspkzek
Ralph,Ferrar,tsfplnclgxbzsezbgtcm
Noellyn,Menlow,awrrvxqxfglhsjmahckn
Michele,Magner,zycwtidpgrjszomypati
Allis,Rabbage,actzgvkrbzntewmjtocp
Hew,Dumblton,viiykouqlvnnfnfalgzk
Austen,Eastam,hvzgdhwtyblntqvtesud
Jewell,Cathel,yegegghoizcsqfvplyek
Georgeta,Breinl,ykojfmufpyndxlvblrdi
Susanna,Lazenby,ihinujratwlgnwxdefav
Margalo,Hennington,nbwrbytanekinfkrcjgl
Rayshell,Jobin,vfmnxqinplmijqrxdyai
Olag,Reston,gaflopkvaguatyurouie
Ulberto,Cosyns,llxgeyyloqijkscoouoc
Massimo,Tulley,ygkovnzxmakhyddlgnmc
Theresina,Bridell,orrgqjkxfehvazxtvuqf
Morse,Godar,smrpmloqzvzxxdduotpz
Waring,Sloat,ehzdokwowvyndvsbvmei
Audrey,Seabrook,njiuuagippbhtkxlaqbi
Zorana,Clawe,hfbirbpmdfwzabkkrnjz
Duky,Alekhov,bkyaewvsqcqoyjrtadun
Ferrell,Folliott,ifiewhyluvlwhmrnyyhw
Brandy,Kynder,slzptwadjeezjkhgtyra
Etti,Gommowe,bswjkefgzquoydxpfjso
Corena,Skpsey,wrqenxxqpvuzndqeqlgn
Megen,McHaffy,qsosunmnrlnjjrclbqrn
Mikael,Cains,mfylmghesvimcerhiwto
Bettine,Sappy,ytcjlrgkohxqazgqhdxv
Viole,Absolom,hbdckimvtjnvgtnnrwbp
Liz,Nisby,lyazumdaieauimcmknbi
Jonas,Haylock,dabwdonhdgiimmyyizlf
Mollie,Scola,akgrvvkazdxfvqrfrezy
Ephrayim,Dineen,focqgjairroflfgcevnw
Miller,McCluin,argqcqsrunfloagzehhm
Gerladina,Wetherby,yfpksxjrhqsidrbblelg
Carlynn,Kendred,rvyxajxntiubziuedufl
Vidovik,Aleevy,udntiaacfsxqivkhzhpz
Alexi,Brymner,mwedtqcrzqvfmsllteof
Bentley,Gillies,ohcxmlqfhxiughisklpg
Filip,Richten,iqtbgvpnntepxcjchzng
Elsworth,Tytcomb,vzkuvjxaupevroqiliwz
Zachery,Stronough,chgsfqppdaythjkrcrrf
Raoul,Swatton,seopofluxddvwefoldek
Nichols,Buncombe,eczrxwzeypsqilcpawci
Templeton,Jeens,cfnzzjzoxyvbtwswcqap
Niko,Bortoli,jxxpsoofsqixaofgsyra
Ceciley,Whyborn,rwayzquguwwusuxwfqdj
Obie,Saxton,zfppffauiayqzblkspzw
Abbot,Arent,eecaagxkmbggbtqimext
Derward,Poad,tyqxkcpjadgqkvzzyqhm
Em,Jocic,yfyrpoknhdlgxqhreqyh
Dewie,D'Antuoni,ngmvvohgyrghipvqvmrb
Val,Eastmead,znjobjpcnrjkekzfsxxz
Clarence,Szimon,qcswzxruuacaqrbuzuxi
Josi,Gannon,avsqplngmbfxdecjkvwl
West,Cuttler,gxoybbvvqrmgnabyhyej
Mendy,Dahlbom,kvlhnuvzezxqnlplpbet
Ermentrude,Eldrett,ukicwmdrocmabycnznti
Kevon,Deveril,rtquedinsacdnkojathk
Farlay,Estcourt,mjpzmkxfszcmhiypfqxn
Brice,Gruby,myhyeminapfbcppbncmr
Sunny,Anders,ksvcwcglwjkjgnvcjwhh
Patrica,Blaymires,tdhqgeuftdyqowwlabqt
Andrus,Van der Krui,lhinqsxwmcjwbfwmzhhp
Dory,McKiernan,mrbpwbhodvxjdfobtnfm
Tamar,Stiff,pixqzutzamjzpkvvlkym
Lamar,Fairbrother,hynugnakkzpvtrzkczpj
Zorina,Barth,myhmajvbvuhorofcbxwd
Damaris,Brownsmith,qwzbiojmdephunaclwfa
Nathan,Frame,srrdrvqvzcadoujebxdt
Bel,Ubach,cmbbkoqlrlyayenoqmlb
Ware,Adkin,iulxmpdolmzlvfkkvoyy
Bernita,Ruby,pnyoljuqmrmkphhndotk
Oran,Bowry,mhbsuqtkesgtalkkiwvo
Rahel,Roumier,dzvzffwyelbpogdmhwll
Kleon,Gutierrez,tljgpzwrzyxqgzgiqaix
Fallon,Brotherhed,wgvbzltnyrxfswzqijyp
Datha,Couche,tnnelbnazjwfkzjuaofq
Piotr,Astin,wgvdinwnnarptqfpgucw
Pace,Grene,lswpotxfthwjzqsjkjdx
Mitchel,Oylett,seqfruigtyhgktxuopbp
Jasper,Inkpen,vtfdmlwcbujdghxmzzns
Marcellus,Osmon,svltxpuwqpmwlirzscxy
Saw,Robak,rxrhtlbzmbbbsuthylzv
Elsa,Gehrts,loswmnejhbahmupjvvlv
Cordelia,Maberley,ontnyoryweqtfdrnhebk
Shamus,O'Mullaney,xejhxkopwbzeayrilxng
Kimmie,Vaneev,oobqpymyqgwzwidznplx
Daryl,Andreolli,iuwqdebilwchbexqishx
Carter,Chevis,hsdlecslvwywoemaosbz
Arabella,Pigdon,pbgkfctrgqqqancblzfz
Inez,Levicount,kafcanrttasfucssjten
Selene,Pleasaunce,fwxyzhgavswhoegapqau
Tedra,Geraud,hoccnhmpfvlokfvqlrkq
Archibold,Bram,cimdbpnjmdmlkzxjatuf
Gordon,McDaid,jdyvxsqaaahdgejtufkz
Ethelyn,Siggin,xydqqbumbsexqyjkeszn
Odie,Elphinston,iovjoegqvwetykakqrfy
Francine,Kairns,byxqtorvhrrhdywhzrsy
Olly,Vasquez,wdmghjaiqlsshcyhulty
Rona,Camden,yttnzmltoarnvvfvspcz
Juana,Wittke,yrijebxjvnihoyeouzjz
Garnet,Hopfner,glveinbrznnudldyglki
Chanda,Margerrison,dkrvavisiltgmmvbqjgt
Hewet,Riseborough,jndhzuwczuzaiodlhdnr
Kipp,Scathard,snwayqrkmffdjqmummdr
Jennie,Dyment,modpyxxyfxbnjnixjtda
Gabrila,Andrault,pbuxlmeylkxkndvqpxcv
Ali,Siaskowski,wpnthpvucwcgljunwzoh
Robbin,Ellaway,doirxvzpmbhgghktxjpm
Carolann,Jobling,paoljobsacxjuuhglfap
Efrem,Shmyr,bfcxiqeumuoixrrwkeqb
Selma,Dosdale,ksyuqvzlkbovbevzakga
Massimo,Lesor,ltgcjadclqyfnikklqyr
Tim,Heymann,hutygwvvzdqjxvnosxhj
Enrica,Dalwood,lahrcpghzajrsmetopvr
Randy,Van Hove,kcexvuibypirlqwrykau
Cull,Higgan,dkbzhljgegmracsefwmp
Pegeen,Bettlestone,etebujqwrkrfapiwtmen
Lizzie,Vell,ekimhicuiwnnnaffosrd
Antonia,Andrioletti,rjuondbnytmsubaglryl
Chloette,Sacks,owkwkzjsdbeqytpqhuhc
Lane,McKerrow,ffofehxojwcsdhovwgqn
Shena,Spinelli,msbmquqsrscthnbbzhbq
Justinian,Ommundsen,bdbtnnnswrtluplrvksg
Starla,Vlies,jcgnvrmcpaafxqyytxgb
Simone,Coppard,cdrgzpynlqtyysmagfds
Annabell,Klemmt,ndwogxytcdlgsykkgrtg
Evie,Lawrie,hgwsksgdoxikxjhmmoay
Milzie,Sebrens,jhcntesqnaanhexmsaoq
Rourke,Acaster,nchswsyrqegfgmmcgnyh
Corine,Donisthorpe,wpgfmenqphgjwvizepht
Nari,Terran,jlixeistqnarquyfgapv
Asher,Boulton,eckujivzbobwteqdyzfp
Rhetta,Ranner,lhibkwsghwwfccpcfuym
Charmine,Crossingham,jkkjcnoklamkamrqpoth
Normie,Tousey,wbxsjvupwavrlvoeezpx
Fowler,Pleager,lwdjdopfendcizmuqvtg
Dewain,Adderley,wlgfmksbcfwiynxlmlwi
Corty,Elsmor,kjndirzlovdtkwekqpnl
Parry,Leborgne,jyomljvjkhnhazwpujwk
Suzi,Romanini,tocbjsqzbqlpddpkcjjt
Guthry,Creeboe,wsmduprhbukzkwcjmqpk
Rene,Calbrathe,hhfuhxefenwghjukodny
Egbert,Danat,pusxeauqqtrvvvfnjsnu
Eulalie,Spaughton,yhdqjbgjsjtkgzkykenx
Austin,Kiraly,byaidochqsruvldvvoji
Sidoney,Shapter,hnkkxekrcuofbubuvdxo
Johannah,Philliphs,xkfljbuwbfhbiysloezd
Salomi,Drayson,vaertbhmspvmcfhepogh
Golda,Goaks,wofwycchovhvhkdcuftn
Donnamarie,Rackstraw,plqziydesqwlfgjdjugt
Lydie,Gasnoll,ozcghlwhwgnevwrnhhrt
Quentin,Notley,rnxtvoujqhfhppmicwoe
Shirleen,Swift,jtbvwuhhtmposmuyywdj
Tomasine,Hincham,ljdbayvlifhinciwnmho
Niles,Mawman,jrupztttbxprhoycxdbt
Mandie,Bartolomieu,murlpvlisxoxuflwgspy
Carmelia,MacCaffrey,gswbzehxjnizhuocrgty
Ninnetta,MacPake,fmdtbbkcjpqwzowkbbnd
Bald,Cosson,ldpbfywzsxetorxnoedq
Malorie,Patterson,anmmhitgoyxaxtlahcbm
Jerri,Lages,rhvfflttwxigwtqmjsfh
Barbie,Ropars,deulmvxahhpvmqszgsvy
Linus,Mangon,eilselllhfrnqfyuqzmy
Elnar,Heiner,ixadzwqfszlvurocuxey
Devin,Piddletown,fgafpacozjwnicjjdpbh
Yoshiko,Mulholland,qlmavwqrwvwptqjryiqw
Bradney,Caulkett,csajzcwqyrxcqvrbihwx
Greg,Tole,pajhdzgjsktrfuchzkos
Averell,Roomes,rpzmdguqkirlawaigkad
Purcell,Hallin,fyewxbisixqjhtweldda
Nikos,Huncoot,mlcpcfzpngnazuarmvym
Carmine,Yellowley,strskrfsphyerizdrerf
Charmine,Mattiassi,nusudvkphuhaffmxogcc
Ilsa,Braxay,imrwxbrgnwlghmoznwaf
Hyacinthe,Caldicott,mqbyixljilvirtqvqrdt
Francine,Stoffels,wuewlscrsdwqdsdnpwar
Even,Utley,cqvylcppmpgkwvizdbfb
Bette-ann,Keford,zygyrdhucazfaiageaoq
Zara,Hurl,pxpxyiwiktlddieproxm
L;urette,McAlindon,wdtwwzrwdqdywcurigui
Huntley,Drysdale,papgcpfvzuxfywsthchv
Ariel,Reolfi,einssrtppmgazudeyble
Gaven,Selwin,oapzgdldmmfvozykjhiz
Goldarina,Bond,ryifohzfyynwarezgqwc
Mickey,Corking,tnzkpygfgdhsoqiynkmt
Kristoforo,Chadburn,qmxdvyiznrkbqvjudifw
Alikee,Iannitti,tkcjmddsvndnsbmpcons
Mechelle,Rosewarne,erwoncisqfmpcnsbwzqm
Claybourne,Gainsford,yotvgvdmassiahupfsix
Alanah,Jiracek,tkdvwhogeuwvsnwgmkpw
Fernando,Humberstone,qmdwgysgcpyjpuyuqfjk
Zeke,Blowen,suxzeypxqsvvjcdobetb
Rebekah,Webborn,ggglkwkalwuhmsjamvqk
Siana,Menco,ikclvaqboxewteyimnac
Stillmann,Robberts,cmtdadsclxoakuqziidr
Jemmie,Tomovic,bwhzqnebfrbeoblsqpae
Hilde,Gilcrist,hutvtmqsdejbvdsgqron
Mike,Chastenet,pftbvpwaerwwqagwnzqk
Jeri,Tarney,jhnqrqfcuvrxkypcxlkm
Bevan,Eccott,pdimgewuaggtmdaspdhw
Roana,Yates,dovqelwhiqlnpxodeinx
Margy,Elward,xemidphfzinzurxqmahs
Tally,Bricket,yxpcmdhfrojxknokksnc
Pansy,Pockey,xwxpurkyavylukrdtdgf
Patricia,Boullin,xjbmagzvsqgyqfayrpgl
Roslyn,O'Scollain,cdtorbrotlwogqppienm
Tobit,Ramelet,dyxzduddkhfkgvsspwij
Jackson,Terzi,alqubiplbzljvnrrlzmd
Shirleen,Swindall,fyxvhdwluoykbrfilsqd
Almeta,Melonby,vpblmrqfcmtwjstrgkul
Amandi,Folliott,lyllsodtqpjogjuuypav
Luci,Wolfit,deosyjlypsjovtcpkvlw
Carroll,Crawley,ckfbnqssrmtpxsfkzmtn
Carmine,Vignal,ldqsaitwzpawjypxgdap
Ainslee,Artinstall,vemhepbldozwzphnzoet
Correy,Franceschelli,rrtlaimdrpsptpqnlgza
Dal,Masterman,udlzrduyohmuotrgxhnc
Jeremy,Jodlkowski,xftohtojkpgghaznqvgs
Dolley,Cobley,dzjsucsdangjkunybiud
Fey,Althrope,nchbaggyvhmhuywcyerw
Birgitta,Babcock,jeuzfzwmeaqmvbycptxo
Ab,Hinsche,saymlleegluolhxvuubj
Kristian,Keddle,rkehfmilvvhmlerafonc
Putnem,Wittleton,pftslsccrjswrvnjprrd
Skippy,Fortie,pryqkgpglnbswiyqygqv
Rickie,Brenstuhl,vvdozvsnwdgrldkyhrfm
Carolynn,Lear,aonvhtzizvhqgspgdqof
Elisha,Andersen,vqwwtstaakmufmzruixo
Diahann,Learned,ktptwghhwfwnoiiqexfs
Raymond,Gerring,rqxbmlbifxdyoragipfh
Papagena,Mudge,sjodwulfpwejsvjjdkvo
Basilio,Weakley,lnvdfilwbylopvfmbsxv
Cullan,Martinson,rsmlmzkdlitoraslexrg
Arlena,Gerretsen,nnicvevcwodkiwvhpojg
Joanie,Egentan,pwjriejsllgfpuhmtiwg
Scottie,Boyall,milhbbkvsmbeuhrxzhhp
Lynsey,Riddeough,oxjpxyikqcfwdprqdrph
Antonetta,Brookwood,xejpisbgmegdoulndike
Merrick,Kemston,vvsrovmoumdrmupoxkoe
Raviv,Windows,guxebzconikxjbkaqjfj
Ainslie,Beevor,dxlzmjflsnerxgxnoojf
Wildon,Bandiera,uxolycocalvlnupykzff
Rorke,Lemon,saekmuouncvyotdgeblc
Al,Ros,foxcvqlhhrxysbrpnhjk
Lyndsay,Tenant,eamjepfrubwegztjblmp
Kimberlee,Kemer,jiwgcrozvozgpsjuqvlo
Raleigh,Lively,mwvwnyblxmiluethjkwx
Antonina,Grayston,xueyxwohowlhysetnhwo
Myrna,Drains,fqhitcknlekgmvjmwvph
Gay,Pitfield,fwddrnffzzjrvzvhgrxm
Bobinette,Kilmary,mfoyfoijwisdzpmcbwdq
Isis,Carnow,toniptfbietsunmklijw
Florance,Hallbord,qiaflhgahyqqgzporjsz
Chrissy,Gietz,ozjrmvvwfnkafxbkfyhm
Korella,Rowly,fqiyggnarbpuecmjpogp
Sherie,Fuchs,gxpscspltjynarwcmeyu
Karim,Malthus,mhvpbsyzukbftcmtovae
Bondy,Crenage,fjaepuhvgcbngbqzebbr
Arlen,Falks,xtcgadlihoqbezfwoswr
Abel,Andrioni,jmladhnhhttdzsphmzbn
Raynard,Rowen,rrmuycmgfzbyyaozbebb
Hilliard,Jellis,psocmhlctuoodtqmiwgo
Sherm,Eitter,dkpmkmuouxmzuunphzil
Melessa,Hadden,ujvxryyjfpfwytjttdgg
Roana,Bottle,wgjvmpvtbcqreskjwrpw
Lay,Simao,jtqwyobspvexhrsyflbb
Gussy,Cuttles,posmhjugltgimhystnap
Valina,Korneluk,fauiyltyemtxmokozilv
Gerardo,Baldocci,ylwtyewmywcxnaqqcoku
Terry,Wahlberg,yyxbhtmxbmjygigtgzbo
Thomasine,Klewi,nlkktexawojxcplkqjih
Anabel,Lewson,yesbcunkwxcwetmdahdp
Walker,Jewis,iproitecwgkzszmvnria
Lu,Cail,prtvqckmgshpnsuaeeup
Matthiew,Cridland,lecmzxsjdebrkqsyokqj
Vittorio,Jime,zclkepzbqaqxsotecuvo
Willa,Rendell,xtaibziyydcjiahodihu
Walden,Pibsworth,dsufioglpokkkmefljou
Ernaline,Diperaus,avguzmkrusferscwykbf
Tommy,Culley,owkqdvezkbiyfmuypkze
Micheil,Ingray,xqbmgtdowzbeawgjmxoq
Lorene,Dermot,hganohsiaxeeyvtcugdw
Benetta,Boxell,ahgjhaxsbnvvkjfctbfu
Virgie,Broggelli,xfvfggikhzqezzrzunsp
Janaya,Decourcy,lduxggrjgtasswwzdawb
Gottfried,Smidmoor,vrzrsvubvmmfttbspalg
Calli,Rodbourne,qzjrhzamukvnplqcydtb
Appolonia,Kos,ggdfzpjompuzcdskophg
Chris,Redhills,mqyusigfzkcpnchfyizh
Ada,Keddie,ydjzyrpfnvilxvasihbi
Alfons,Tym,rsixdrtcoifltikixbwo
Ludvig,Nickols,qljfcexfunhyzrvhjpxp
Raina,Di Bernardo,vooofqozircjhhlneewr
Shepperd,Swarbrick,epabzjwvjorpuhngwums
Aurelia,Elderbrant,xcftlepaylzkajqfnnve
Nonah,Cordero,waqpmlphesjlphqhtukm
Celestyn,O'Donoghue,rbbrydtosamkheuiedks
Jemmy,Uzielli,fhdmxmkssnimjuucotol
Werner,Delafont,sewtcrlrvbyldrbzqxjt
Cher,Entwhistle,ehjpsmlqdwggcpgssopy
Marybeth,Biddlestone,nmuhxcetkugzgpboqgte
Clarabelle,Friskey,bybvadyujcdpobeacwhg
Keefer,Franceschi,iqpvoonmdwbnvbafmvmv
Drusi,Licciardiello,ffjqpbxcazpviztsccly
Roz,Jacox,wwhgoaidmajrucdhicsx
Leontine,Parnall,kapcecwjadqydbjgwhky
Lucho,Mannagh,nnzndssjirbeebagexpy
Holly,Tesoe,fikvlontqlfilzddgjud
Gaylord,Benkin,meqvhlnsbxepxfcmnycw
Arabelle,Mechell,pewibbpsygqlvpaxzsya
Davine,Wayte,bdzqojtawkwvsifefnqq
Nataline,Haslin,dgcjmggkwokhcxrmoker
Martainn,Leddy,fncnnyabjrneareghmsu
Bail,Huyhton,jnrthqzuqbxobpptvgau
Koren,Gisby,qjjgzxakpuqknesdnayr
Shela,Briant,yjctbjiafzkcjblvhbhn
Shae,Joanaud,yjnmtxkyorpjrhzsncym
Justino,Hallgath,pbhfsxzqzqvyshhfsebs
Livia,Arlt,pxbrmfucgbxuxfcdeodz
Moshe,Boltwood,jqyokfveblxjqkrqmivi
Desi,Woolley,okofwxwqeqrynbwpeqso
Corey,Allcoat,hfrdxeqrdzhzlivfhbwr
Zelma,Grayland,bsvlycbtilfgitspxwmy
Phil,Trevear,hltopeaznonmhzocwanz
Julissa,Bartelli,dxvjsivkurlobssnfgfm
Jillayne,Rouke,qkitdbbldkfatbetupib
Cary,Gonneau,uhoqspelxduzjyvxgvit
Berne,Ackrill,wbbuqsndflzdslkahdtj
Elnora,Bettlestone,rtrohngqssiznoyeuget
Vivienne,Houchin,iudgkyaggcvegqiseoeb
Helaine,Taillant,wfsmpusijeoqdvgodfgf
Hodge,Johnsson,hkigsubsiyegdmsmnehm
Jeana,Batisse,faouljrelzkpnbhoretp
Crichton,Ibotson,fjlyjzvcgcrqwkhnoysm
Ralph,McLellan,xojettlqqfvcxwqldpgg
Aylmer,Rosander,btomznpwsfgrsqbpoyhw
Katleen,Beeres,dvtzycfnrtqdmgkujizm
Andres,Ricciardiello,bsysqvdtfxswswbjnpcm
Hestia,Filyukov,qpexkmxrashilxihwikr
Yoshi,Niland,xxowkzwsejnuoacoglxq
Kandace,Currell,ffhzhyoaihyzmjzmxdvf
Armin,Bucklan,jeujizwoycpvkdilvoja
Bernadene,Holley,pvgrkgxsjymasxjrqmmc
Elissa,Hallihane,atgythakcccigxdimwda
Donetta,Elsmore,oipmmcefgnllhlgdpsvy
Petrina,Tomik,nvkthjadgmtukgljgqff
Melisse,Maddin,mdlptjyilhpienoollyg
Noak,Wilstead,jvqivndcwedrptrbspqo
Kipper,Passfield,pjtkgbaeppvhapzawkfh
Melosa,Timothy,njsbzcfsbgabtppcxatw
Nikolaus,Leishman,ardjubdwmgncudzrnznd
Avrom,Francino,udlwmytcwgsuyyguwkor
Kordula,Cockran,pvlpggqaqnknfpxipmwu
Darell,Rhyme,nnfchbocowfpcnauqsix
Tami,Weekly,fofmxcclasvfymabrkly
Pru,Connochie,gbuslefggtsnseswchly
Laurette,Paxforde,pnrnokteoixrrcnmjsbu
Ada,Baverstock,ksdkhkllxqcaifyezsqt
Edythe,Arrowsmith,qcsnjyqnrdqnwltszhgh
Tabby,O'Hengerty,lauxuanqvskkgftykpdz
Sander,Reddyhoff,bvsooyiqqzlbyybvgqtb
Florence,Warlowe,gbezcwqrsmqcixqvkblj
Vasilis,Campbell-Dunlop,wrcjglikujkibkyzgtof
Broderic,Shergold,carciralbvwzjwxxtzuh
Jethro,Sloyan,zxjfekotjeyqbfdrccyq
Ettore,Bamlet,fcygzuvhchzollciqszx
Gabrila,Warin,gsjoziifqsqqenpuvkcb
Maxy,Gorrie,oeqpfxpkhbruljkkogto
Warner,Reyne,vvnnhgsjgvmqsmbuumpz
Guido,Keegan,eytliichyjkqxshwgptc
Elianore,Shotter,bmmvpuyrvywsdukbqcpe
Daniel,Bolus,jxogtocwrsnslahhgecm
Jaquelyn,Bretton,uglovtphsultwsuwysmr
Syman,Rawle,esmyaqyxuzxdrjdvjnxz
Blakeley,Cunningham,uimgbmlbjjsocqecotmq
Raviv,Enga,mpicltelnwxdqsmchyjm
Kylie,Weedon,eztcumkoruelsnzequor
Webb,Hyndson,tiziyftiygjpuddqqfmi
Wynn,Bonsey,lvwudfankgppfhxhthpz
Hilarius,Peddar,iixvxzfesdovtowkgnse
Flossi,Schollar,eaihggfcntshaxzwqopn
Joannes,Barhems,rqwtsjqyvneddxtquhfd
Odette,Caro,vpmsvrqifahsrpzvevdb
Dagmar,Perulli,qyjzoeeccuqlkysrgoyw
Elsa,Milsted,rfnavlgfbkpqetxqiyxj
Simone,Fulbrook,slfruodvstlitjpsoccc
Barbabas,Joder,upojjgdegqhziftgeanm
Kelly,Minto,idmmxmpwozbtjmdqdosp
Stanton,Mellers,mijonjmcxsxqujvoqili
Dominic,Leadston,luurdbutvimqqfejdfsj
Thalia,Kobpa,aarxjptjvtmftjmlrsbn
Catlee,O'Scanlan,gpdecycbvqrvbyxweanz
Robinson,McClaughlin,kcltkddlzxefgzhpezyp
Candie,Reisk,zutmjzcpjipzdcwhhybo
Andy,Ollerhad,xsghcfjqrzdeoeatffqf
Laurens,Chesshyre,dwfzlitybyimzxmnitah
Catherin,Rivers,iqpjfsnzigcojjxrszhn
Samaria,Scoggans,jijvsggdwrmqkdwlcvbn
Rodger,Bucklan,ynwnpbwlotbadoisajkl
Cyndie,Worswick,zvgcalioitfggcacebza
Bryan,Hoff,fyubqotmwezcmaviugwm
Lucias,Doyle,jnvhpkwgvjotrnleyncw
Lilian,Tremonte,ikhoklrrqwfpivwvtblk
Fedora,Earengey,uqfaxfsxkjcbpntcdagr
Dorette,Butterly,yiimavutlbjpficqrwlx
Barbette,Niles,mknsyumprxtygxsmbxdm
Donnajean,Spellacy,ipujczmrxzstsqluzcnx
Gwenneth,Diperaus,vahwwdvfyxioskjwnzbr
Gibby,Frichley,lpekflgonmnfmikkcidy
Adeline,Fetters,mbygpsnzglogmgwuwbwz
Jessa,Mucillo,bheymrchbzvtodqhgnoz
Wendi,Smallcombe,ylznrgbzluyjsqwaimzi
Jemmie,Downgate,blnfojhlieojeyoozaxu
Juline,Onslow,rmlrvonegfdcdgfwyxch
Katusha,Carden,otzcpdhacxmraegeenyx
Abbe,Walne,iuthzoyfhobcxdazxlgs
Will,Fortie,ymjwdoqzmahhojfqouaz
Jimmie,Tennock,wugzziwpzzzokicigdtp
Alden,Santello,tscdwupdcxksdmdeofqm
Ina,Rivers,qaobvyjhgepkayvirwmd
Lyn,Antonioni,yhkjgireibdmtpilqmyb
Gardner,Cheltnam,ecdpgohcmyiggbswzlmb
Bee,Simison,aoixdzlyaiomowemqwmi
Becca,Yves,aprsudsrngtuvzktsfte
Nicolai,Bathoe,maikqeyeaxrcqvclxacg
Yank,Seston,jnjcvyvtcuzjtxdaqkdz
Jemimah,Baythorp,msyewbpscxabixvgwgbk
Arvin,Mees,fyzuzpjkiujbquqiqosq
Jillene,Bushill,fkkivirehztcyaakuevb
Mignonne,Coole,jwwlzozxkvkeuoyexjma
Reeta,Yeo,oyzofnnesffwfeaukvxt
Gwyn,Cleere,yngyagwejtddppmufmic
Joelly,Joscelyne,puommvbkkgxifaalcgen
Zachariah,Zupone,drczykynrjbwijzqhxlp
Pren,Chauvey,evhlhxetaacvvwmmkgre
Shurlocke,Messenger,xzxyzvtuncbmsjukwejq
Fredrick,Clausen,ydoldepvesgeumbzvffo
Fanechka,Van den Hof,yuwjwlmjlqkpyyzxyiru
Rene,Enders,dgzcnjhkcyxlpvymcayi
Sammie,McDunlevy,feawirkvkdtrfaifcbrk
Gregg,Craighill,lthcydbnstuycwkslexx
Kimberlee,Collison,uchbddqpbhixmsrrgpmt
Richard,Rawll,nxgmqlahmndnksgsnopv
Ase,Topham,ibulikrokoibgcxerwxh
Babb,Matic,hjisnrosycwdxcxspkoj
Tulley,Van der Beken,kovpxbbayzszooxdwhkw
Giffy,Longridge,mmqavyyeoxixnqhubtvk
Wilburt,Blacker,wfcytvjppfuqxtxhxjjk
Lucas,Loxdale,vbbadtulookopokkjlib
Fianna,Willeman,idojzaqvqwnbzsxwwors
Zorine,Ashworth,yxhdpmpsiknbvwyktxkd
Vivyan,Peddowe,ctwxuoytqegsmjplcngq
Munroe,Bonwell,bikuarkobpfdemwvaulk
Elnora,Gendrich,elarkbzcjcsagpwvcvki
Rey,Vicarey,fgeaxcrupotniufunktz
Meggie,Scantleberry,nvnbtwscxasurotbcozf
Anatol,McMullen,dhvyvecsqwytshhwzquh
Maryellen,Brettoner,jvulrgybgxcqpwosncdu
Jourdain,Todman,qjtchzjbvditehsqadok
Gerrie,Roocroft,mssolerfhvrxlvvbwxki
Fifine,Clines,ujehgbmcxbytotmswoab
Giulietta,Keynes,payakhmajsvlnmgghcai
Hesther,Crolla,qeozpdcftrnyjzbuccaj
Frannie,Harris,wtvazmjrrhwgwgqivlss
Mia,Frodsham,clnitbcnecbbqwzareyd
Shana,Sieve,vlbrrgkajkhgtkneszld
Elfie,Medlen,lkxfiupiipsbijrolush
Deeann,Spensley,ujfxirbqgstafmgukrii
Jaimie,Freyne,kxfiatiotivrwhmncexj
Bart,Gemmell,phdteywwfxztrcmyofrf
Jackson,Haresign,eunphzxtbjnujlsyyvhh
Cyril,Patifield,exghzsqufzqkkrvhmwge
Brooks,Dumphy,uurlwxrogxapswrplwxi
Otto,Swancott,dabgzpmimeefuewhkaen
Anne-corinne,Amort,brmqdqkijgbdbvadzgsu
Miles,Mariault,itrtdhcnxslohluffvbz
Trumaine,Dowman,ktmalxzcoeixhocanjjw
Barris,Makepeace,vnpefmhnqasscdzyvpur
Jacenta,Du Hamel,acqqmshihwatseymfyqm
Anstice,Keward,jyvkitmfrkrfcyhortgl
Horton,Mealham,zrudsikdpbwrukdmwexx
Dahlia,Gerault,wkgcdxrhghguuofymebz
Emogene,Sussex,cffqzzwupnkthcicecxj
Gamaliel,Gilmore,kropjxnmefhvirnpivpg
Brunhilda,Tilliards,vpmhffvalvzdxrixuetm
Arturo,McCarney,lddnipgwxvfkbpdxdbds
Diarmid,Lukash,xktrivnvcxtzdtyzhfsh
Joelynn,Benzies,tfosvyukblzbwmivbonc
Pate,Klawi,mqyxlqnnqqjawigcirrd
Ly,Paintain,jsakgeouokzptthwfgbo
Marlow,Mattaser,mmbfsfqgunltesfyezad
Sunny,Tortoishell,mxwmzcxqthmjbpfsbibe
Kettie,Souster,dsrwtlhxvsetooumucox
Bliss,Shankle,zrppfqpvpjcmcfwrbskg
Hamlen,Wolfe,swafsmzjfkoqfeemyxfk
Reese,Bailes,holfsnqdkdbksiwqpvgc
Errol,Exon,kvwbeuxrmwqexdloxflf
Meredeth,Ramsdale,yhbsyzqvgbomerilwdgw
Kevyn,Delhanty,wumjwvhskaiurudetdvu
Fey,Floodgate,iwksphwjanbcmrtnapmy
Joellyn,Brou,clakzbufcoceeuzwajvr
Lanna,Raulin,ujvuszhbhkxcgabgxpbj
Orelle,Lawden,gbsvaukosvbjgovpvlxv
Oralia,Witherup,avtphjlgvdielzowuwyz
Northrop,Bankes,jxzskpkkorshdbhvyxks
Tish,Russon,ensavfuuelwxrrkpajyc
Elwood,Tapsell,hirjzzwutubanfzcufmv
Jaimie,Medcalf,urocfvympoorfvaaxmrn
Eleen,Becraft,bpomggkblwuhuibbydck
Luella,Cleiment,pjbtjfvzqijogkbcjtra
Marlena,Shobrook,cxtlvsxexyyjqzipghrb
Laird,Tattersill,qalbloflnlzkfevwtgcy
Ase,Lapham,szmlsztrvmkvpsxvcbcz
Winni,Lemon,wfqizizcpxllbomfigtk
Tarra,Bosher,qfpgumdhqnviepbtvpbq
Blanca,Parslow,oqhabhtrhidzavrwzlps
Deana,Warburton,hymyvqeczzdxehvsvewz
Bernice,Muffen,ayqwdilnazkotuoboepd
Jane,Duer,ktpvpvfkmgohsbpmtfdl
Danell,Alven,decbyvukdnoygbthrsow
Lemuel,Maplestone,vtbcntozfrhyhweahwhp
Lesley,Shilladay,dsoyfgyynsduvjcotrei
Tobie,Attenbarrow,iyklzxuwrpvqlgdxpvbz
Cordie,Screwton,jypnbaxmjoeligjafcrb
Jania,Zamorano,jkoofmvmrwwwnbgbmbkh
Johna,Poundford,yxbeesvcqbxkddtddbso
Vitoria,Huggon,ztyungjidfejjfczmtkx
Daryn,Berfoot,ilcizsvhmkffcmviycia
Eadie,Spelsbury,zjfldozdvbmucajbybky
Godiva,Mandal,hihfarazhweoavyfqpke
Gray,Allom,jdmgughfotqjfxbkeafy
Page,Choppin,wmktsqvyuadixngtnreg
Deina,Rockhall,bqfyufwnwlcagxugjfij
Hermina,Schoales,jvpdyuwsgvxyrogwcikr
Osbourn,Hilliam,hmooyisdvnxjnlmggqqc
Edeline,Norway,juomzilietwirhczyzql
Reiko,Marking,fnvdnvefsonrnjhxegxh
Holly-anne,Sexti,pzhpalfkrtlnzjrxnlkk
Leeanne,Foot,otvcwxldiwxcsisjqnwr
Cherida,Zemler,ukvaermcqxrrsdtxaqhh
Page,MacAllan,hdvxebkukrcujhtndtkk
Tiebold,Strachan,gojwvprnsahsudvteopa
Saree,Wawer,dlqgjdllacgdaltqsrih
Base,Wardesworth,ldokufmmvuvewyshqble
Regan,Rekes,eqihiqbodwhavsmffvho
Clarie,Callcott,pbpwdigaooipbztmlwbi
Bob,MacInerney,rakuapmkcbzzruhcjtnz
Kristian,Torrijos,bzangfpnsqhjglcqtchx
Winslow,Dearsley,zxxnrahypmcvlokqhlem
Berri,Dumbelton,muqkzauimnjprbphxzac
Shepperd,Bohlje,gxzbyzeixeosavyumwgf
Alissa,Cridlan,abskdgqboaanzbzdruwu
Daryl,Huncoot,oyvuagqunvkqazgscocv
Robert,Farnsworth,dyyhxxjhudvuyainonaz
Dollie,Gorst,fxizrknpzeklrstavcpx
Tracie,McWilliam,efehwxheidulahadatkf
Saidee,Dibbert,coktzwotwllcslvbdhdr
Jacintha,Dumbreck,bkmxnebgmxfevkuxnbdd
Rebekkah,Diggins,vlnupjpzavndmowgnfli
Tabbie,Allchin,qdvmbxhyimtrkasagfxq
Marlyn,Minchenton,obyzzwkkhfpdzwymalln
Ferguson,Bedborough,uipijpeloxszhpbsvcmy
Thibaud,Quantrell,xaohozjodgilgixriqaj
Minnnie,Kardos-Stowe,whafldgaaivtxlahjatd
Linnell,Fantham,qvbiciohkuiybavhpxdy
Meagan,Rolfs,skaedtzoyxjkaymvkhun
Lucilia,Rabbatts,taltrwlnozmvvoalzjuz
Hannie,O'Fihily,lrhgfeqmtqsxfkjvgplu
Jobye,Zahor,szzaqdtzbblvbyqrmvnr
Clair,Yanin,wzjyvunxwlmlifbddaqd
Hynda,Dance,nwbggeuqswhrkmdllqua
Holden,Dearlove,hdlmukaptkcixhuxladx
Olivette,Dunckley,rsuugwfvnvoyirdnmlqm
Blakeley,Clurow,ruabaektfxwvvmywgzmx
Ximenez,Songest,gfgzbsfsqclafyyoqsyq
Bax,Fere,jkvvdsjmohcbvdhzswre
Agna,Ramard,stfbjalbengomffavres
Freddie,Davidai,pkbupdrjunzytfdybput
Gearalt,Harpin,eysrchfstullsklvjuhc
Clemmy,Noraway,omijmfllrknwspkselpf
Lamont,Delany,zwzxflczvdkidkeczxuh
Arlena,Ruspine,lsqmqlnaiuxdnosjlhts
Uta,Mold,omzvrrqfbqnofboexqbu
Ring,Jaycock,txsaijzxqjrcpgbynupf
Chad,Yanshonok,jphdivrbyfudqegrjoxq
Erna,Kulicke,ylouhpxxkvzjmpowkrud
Rory,Henkens,rpmrcqxbewuwzshhgezg
Cordi,Linnitt,kcopkiiodccihbalonqr
Waylin,Capstake,lzrsegnjihbqkpjfinxu
Marie-jeanne,Keen,kxbejetbmryerxfjqsje
Hastings,Niblo,zaigsayjdisfoabfkhpv
Meir,Morsey,wtboawqtlcdzlvcdqvws
Nikkie,Ajean,jhddnyuctjntcnxedhrf
Adriane,Saul,spcyotwnyymqbolhuvvs
Sky,Tumbridge,yugsbstxethpfhdqkzps
Allyson,Quarrie,mhtcaeuetxvbgnrvvkgn
Loise,Vedmore,pybizqfhtybpnpcxhsmj
Foss,Lowdham,whmwgarldgktdhviskov
Kalil,Kemshell,vxubgfasqllwkcmdaxqa
Horton,Dadson,qltyzaoglblkaywobfep
Orlan,Summerskill,bwemgjbqclitveewuhax
Aundrea,Tort,okhtsyoyrngskccazufe
Jessi,Cawthron,ahdvditlkitwlzrctyot
Belle,McPolin,lmspgbpbecoxilctomzc
Pietrek,Langtree,dyyqodqfjhzjkdaagqyx
Elna,Meynell,fndlxhkbfegkksfgexys
Peggie,Sworn,ehfgrbfrkcvebbhqrmkq
Kari,Pencott,sdclglwmomleupherjlb
Bryan,Lehr,cietkyirltenwzmmyyyw
Laurena,Curman,ykrmgdksjchwvbkpajpx
Avrom,Marjanski,tvomansomsblkfhnugcv
Glynda,Figge,edftjrnbypvhaoymseuc
Calvin,Berni,poyheifnvutwgbqlzdyd
Sharla,Studart,feolaasrhlyrnjuhjecf
Joann,Coen,xoiaavgzlawxaukkwqvg
Nicko,Grimme,whaurqwcgbztvnjeqfad
Claribel,Blythin,xvpwbxpepjhmebqzlawg
Nahum,Barsam,udflngkcbkswujqpapae
Lotte,Sivyer,argzrftqktmbumzhsaco
Johan,Newlove,btuwidwjkjkqijjywmxb
Chastity,Schubbert,oxtknjcjaqzhzkcbagsi
Trey,Farleigh,ncvxtygukvyihgjmdnhy
Kendra,Floris,ktrklcesdhgjllvmkmbe
Ynes,Peete,ucvgrlonnnnukwgdghum
Carolan,Hubbocks,xucmatetgqicsqobfpkr
Boone,Van de Velde,bmxiyuwwwltskofpuemw
Caroline,Frankel,jeiioxtakrhpndetdwhg
Lionel,Jery,nebehxedylsvixifrpth
Skipp,Coghlan,vnsysbzcyloszlhxtrjd
Margie,Frostick,jzkvisqjixmywghejshe
Beverlee,Thorald,deaewjybstdvkmrzndlb
Valle,Collingworth,barwgwricuguskcwbmim
Maxy,Sidery,linjurywqmqewtsfpiju
Waiter,Houdmont,xrhcvakzenrxhdjevnig
Calypso,Messager,lwpsppmpncygqwnzdhki
Idaline,Turneaux,svwmvoflmukmflcupetk
Miller,Burnand,qpngwseaampeetqcdrvt
Lissy,Redihough,ejfbejuqrjsztdnydsoz
Mahala,Stannislawski,sgnfxjchkaoidxlmxjjc
Ava,De La Haye,yfxqtntpeawmnvqopqud
Guillema,Otson,athwbduxyxyqrkwjdpvr
Lydia,Lujan,vvlzgdhrvrjqbycdycuf
Putnem,Enrrico,okyiguewditecfkddxar
Quintus,Farlowe,paktimddojerfpardesl
Greg,Cassel,mieoytbbcmkzkuboksnh
Kean,Marritt,tqxwbtvtsojchrcjrwyp
Johnnie,Pawlicki,xtnzobblrjrvmixkmaje
Jamima,Menere,cnttxbwasirreahuepsa
Ardenia,Beckingham,ajcgdqrmqtaxgbdwpgji
Carlen,Boulding,elagerajyskrxkjzxhdr
Jeniffer,Grealy,wcwvcyoujwyoumnllchz
Gussie,Millom,atehydmimhqoohtczkhc
Cissy,Andrejevic,antnoaiosuajommbyjip
Christie,Lawrenson,xougkjehailniazkyfwj
Hamil,Cattenach,cglsacnncgoxgyrfwgmm
Lura,Tottem,nitfcsozuobtrfbwhoaq
Helsa,Roch,genuewpahtgdgplfyjyc
Dasi,Duck,bjkdpqivbymrwwfulpzc
Townie,Shropshire,djbldqqiapwrnwkiaubi
Dotti,Wiburn,kgicptrlgkqlenflpdlz
Alfi,Gauch,cskujcblymszqelcpwrk
Chandra,Pohl,kgxsnipfigkfbxxmyqew
Dale,Mountcastle,gglbjsltyrunpmllgnzj
Alexine,Pawley,gidbmnpibyrycidxtvad
Goldarina,Creffield,eugkqbowrqbqyvtacqci
Tiphani,Andrey,nimzxxtbmoottgqdjklx
Meryl,Orry,pnwpfogwxpkmkaaceecg
Thom,Velareal,ijeiismuhhiqessjfpul
Brigid,Vineall,lxkqsrgreawopvkqikfl
Rosalinda,Conradie,rpzfnsrewrmicphdzvvo
Jonie,Brum,kjxadggaonsleyozxtld
Nehemiah,Yesinin,xibozaihkidvqdamtnmh
Alberto,Senecaux,kwawepquordaazwwtywt
Brien,Bamling,iiqodjmosbocamjesysj
Pamelina,Marin,dswtpeaeojjudniayvlx
Becka,Egle of Germany,zcfqqhznvrfqwgcvzycb
Ruthi,Cockerton,qygxnhpdqglrbpaqmhgc
May,Constantine,ctxlqhtygvkxuopnnyfd
Marcelo,Heersma,hicbduywwspogdgrgkdm
Zacharie,Sawday,scbennyqildbiljexusi
Valentin,Kondratenko,azaspznwhwgeoqcgofzn
Maximilianus,Fragino,buspgtkeoguphiairscd
Constantino,Samweyes,qrvczonzsyyztwflhuzp
Corissa,Borghese,hdqvbtgngijvxafmloof
Gian,Gonthier,ewvkskybsypzeyxwzhdr
Edie,Danilin,vvonumfncmzoodwfkdtf
Wolfgang,MacCartair,avfiiwvcgwqzhcplvgeu
Larina,Blooman,smcfrcxksyyucqgsifsg
Kora,Wait,frperlxrhofnrynxjjul
Rodger,Tammadge,zwnefpxljbzqqahyaaht
Abby,Dowdall,zozudoiunjbsmcplkatr
Janella,Clymo,jlitxicivhyjhxzqgqho
Deeyn,Camden,zdczxpsdvjvvkubzkuud
Nero,Sutterby,omeqhoiqazsyooezbzxv
Grissel,Vasler,xhgzjvnzrvarvrgqvzjr
Stesha,Hatchell,rlbanwtsbxjpslabbmvx
Haydon,Fey,repfwzvqawerudwnylwh
Adriaens,Illston,gakwffnzaqkqnmesozat
Dugald,McDugal,yzcfyxpkanojgwxiinjo
Violetta,Bennell,neikccaaetntuuntchgy
Charlena,Phare,zrqzfysgavnkxbtuwxhi
Andrus,Tingly,vfwknjcozneiivjuiewc
Allsun,Whichelow,ddirrhoxkltolmecnpfm
Hurlee,Pitkeathley,ytywzhlfefvfoqzholro
Bil,Endon,ftochqiycvuoxzxaajhl
Jermaine,Cattanach,smktoqbogpsxmqkrhbxi
Laird,Peppin,xgerakbfpecmtnkodavt
Delphine,Powlett,achybnptytseezulbavh
Chandal,Splain,zdgrinlokxzubcvvvcgc
Suzie,Leschelle,lymihsopwjpxaohkupiy
Kamila,Barry,asmtetyarwmmktoruuor
Consuelo,Mary,vwoxhvppddbzuqkltows
Turner,Demageard,usvgshjwucawoendlxjl
Gustave,LLelweln,nlbdptlfgirfjgrthrph
Aldon,Disley,zrfuncqbsccensetppww
Delmor,Ainsbury,yvlwxgtewjqbhojqtpua
Illa,Bockings,beabzkvjabgwmynjvjne
Deirdre,Sired,cxyevdchnggjrljbvixk
Val,Riggott,zfwvntnhhwcuatlvmugc
Daryl,Ullrich,ujyfvqxasjooxxwutnnl
Stearn,Meecher,iwhfxniblqhzbwnzcsgv
Gianna,Dudlestone,gvribzwzjczrknqrmplt
Gipsy,Carlsson,bwmgyakrokavpmtzpuil
Hughie,Brake,jjwofcmgyuydbhbmxrmp
Vivianna,Gartland,pqvoltwyctiuiezfzrav
Hashim,Balint,cxyoryezmvkjcclbmuek
Mag,Francesco,munjeipgaixohntpiuzu
Selle,Vasilkov,hphkcgceqgtharhyuyrp
Chaunce,Franken,bpepnclmhotvepdghikd
Amalea,Fort,petrdcvmwsxgtxbgsicu
Rahal,Hofer,emambejysudtdwxdnkjh
Hiram,Zorzenoni,uxfcrafmyuusduumflfa
Westbrooke,Elbourne,zhpxsqgdrsfkikjzeqya
Lynnelle,Lazenby,xvfxhkqfhdqnuxssusfi
Addia,Glowacz,pfenhvrmhswqcsdlrhru
Ellissa,Frankcombe,bicjzldadftrrxyvjdfb
Thomasine,De Mitris,osjaooeiivqlezvgwgjs
Lennard,Tousey,lttmoyvemhsjvyajmozp
Audrye,Wakeham,fqpddhculyjrxwjeurpg
Raven,Brunone,vmdjmtkunazmqsekyvip
Lewiss,McKeown,igdicilvdaraulcjxwke
Danella,Aubry,jtypmlgncayxtdyimrof
Ethelbert,Kerrigan,umwencszxqkqemlcnkds
Corey,Mollett,uxrayhigknpxdupyuxbc
Erminia,Downing,bocgccomumvyadtsjagf
Dani,Belk,kcjgjbqrqwunmictlrpf
Todd,L'oiseau,ipfbyrkrreeyicxgshmb
Caresse,Goundsy,heeuuqojtditxsqvpcmc
Sean,Spencelayh,voojkqujibheaoqtmpze
Marguerite,Arkill,mejpiwxryvwkohylsfnf
Rivkah,Whinney,quvinyaaohbxtamnizkn
Antonie,Darleston,hkwhbcgwcmleuggiinqh
Rex,Holberry,jjzounqmnacxosbchgfd
Piotr,Pinsent,tsazdjqhgmqnwlgovchr
Lizette,Fownes,palyyikuwqeiaondcqih
Sean,Dallosso,qhqypkmviujjkhfjgvsk
Auguste,Nodes,sznseomtmwdocrfozonz
Danna,Martin,xryfycntjidvemuhnuqg
Ailey,Hudel,bmfmggffqzlpsbohzvtc
Jordain,Conrath,pmtkbceupoonoeuoqmbm
Rhiamon,Lown,korwaxdzidvmnrlmlvvi
Yehudit,Martino,vhotpimezyzrpuyomhyr
Mildred,Binton,xjqczfhaqfdrzgbhsegz
Laureen,Gaddie,mdurqjgzicganpffczzs
Cullan,Askam,noutxwspcrqozxjexsru
Pate,Driffe,jzzklelndvbubxdmctim
Linoel,Pooke,tlxbneadwqzjdpcidzzs
Dode,Fosberry,zetxwfimdnjuwnrmnrpx
Marie-ann,Enns,bygztofzhknpsvngxdjn
Neill,Oller,gsectgefpjbhqjmzflzr
Berry,Janjic,icsbtpsgrcirglnqnslm
Erhard,Speeks,lnycmfyzusbqheerrupn
Blinni,Livock,plwrblvgurueubkeuvsv
Andy,McCloid,vprpspzvaumxxppslwoq
Eveline,Unitt,djsexcryyhwvxabmbudq
Thaddus,Rabbitt,ucgcyvaeigjwxdnfyjrx
Granger,Nother,iljllqnlvlazwqbndxrv
Con,Kemitt,anktlfvlnomqjzriybaa
Marika,Tatnell,qwsbfgazbfcqwgyvkjzu
Jillana,Jacobbe,lyxuyodjyfpbrjfbuqbh
Camille,Bernardon,wbnnelrnmsjqfnqbhwsw
Leanna,Ibarra,eccojhgujjmdjktoerqi
Myrah,Tink,qlsjsfafygewynpyaeyf
Birgitta,Cowden,nqjiiewlsobocryvseqi
David,Petteford,birplpdertviaruzmmwi
Renate,Danihelka,svwwwhchgrvcvwgqcuni
Axel,Guerriero,sdydbesntvfyaryczrqg
Jeri,Domone,kagspwbrwvlojutmmgzv
Ronni,Seint,nxixeacimwsoffhbjtho
Alfy,Longmuir,vrfmoniyeldvmaytmxes
Odo,Morecomb,rshhhtvlaieesdqxthsz
Patric,Oliveras,chgaltlytrzjcoctsyrl
Rea,Memmory,pdbdhheoybxunvwigkyt
Fidela,Trouel,bmnekgqskehycfzlibsv
Isabella,Dominelli,wemouuomugcsrjhxfaok
Harriette,Uttley,xbqbpjoimztlewthjwkh
Fredia,Craggs,gzmnxellpvxqigfdnzer
Ricca,Bonehill,gpaeffijobgdfmfpzrsv
Yvon,Lanyon,fopnfmcaqnhhixjhhjql
Augustina,Qualtrough,tmtwbiveaewnmjkpswfm
Tabbatha,MacKay,jocoyonhgfyczbbwwmqg
Hinda,Dimitresco,jluqwztzkhbwconvprtk
Arin,Gloy,onggrexxxghawmapfumh
Angelique,Chappelow,grbjdosuqxmiosdkvkjg
Zack,Prescote,rwfjkgvlnlpxugejhlqc
Gwennie,Wardesworth,eicznajmllvuvetjllhv
Nikolos,Peidro,ygqoctjdalbtyezqipha
Winifield,Rollins,vkuceokabiulmybszrsz
Waylen,Swinden,mvwcohggwwvxccodpmxb
Franz,Simak,cyyxrjtsscmosywbbejz
Donny,Fealey,liqwlshvqzeyzvsbmsjd
Joseito,Ebden,jgeowkanpqipybdyaril
Fianna,Kensy,zjawppdcmwihwwxhcist
Arnold,Dougherty,azltasgywiqlzkcdokla
Paulie,Hooban,ulgikcoxsggybtyrzzub
Web,Kissell,xnouyfdzdjgfyoaftxvx
Willey,Slimm,wqthildsdmbqlevnxbvz
Barnabas,Lorenzo,tdcsjuokwyhbchujmdem
Meaghan,Masden,opghmfmhnvdzvspkzfst
Estelle,Maestrini,iuomudfizulnembslpal
Stacy,Keemer,ijncgsrmessfwgvikyae
Revkah,Caffery,rlapqqikpmzcyzyskans
Janel,Kingdom,emossdjzuywjiphgjwfl
Amii,Montier,lavpbfvlcvcnejftdthu
Rosemary,Yarham,ycfaeptysnanbasmjgpb
Benjamen,Slade,tteahqverqmjyxxmxuyv
Lauretta,Girardengo,xxqxccfpcnvnrxnmoxul
Ofella,Tiesman,xsghefjuqupsyoexufjl
Dulcea,Loads,gvundybglxbervkqondx
Karalynn,Withnall,ulxffkosarjveedutuyl
Johnette,Brauner,dfikcuwdelahztwfjqov
Kippy,Cullingworth,rjugmjhzzgjihlcevgvz
Clarie,Beadham,tfgfbmytgppuafrconnx
Koenraad,Gerbl,zpvbxdfvrmicdptoitxg
Gilbert,Cator,lxylssjgyfwrjardrxba
Wang,Wycliff,uqyeqynqqdqysnxqnvdx
Heidie,Vivyan,emtevgwaafkvjvloivvl
Reggy,Harbisher,gkgdcdxopdwqrfmynbzg
Joline,Filan,mzzdjtfcxtvvoyfcbmkg
Francesco,Kemmet,rcbczdhcimadccxhndre
Phil,Reeks,zwmwjgxkwlfxjtjnefak
Wadsworth,Roberds,hcbrqajzytjrxexgammi
Zechariah,Schimpke,ljbjynbnwkaqtaklpxoh
Vania,Smalcombe,ebzdphsubojzwpgteboz
Lianne,Boothroyd,ywbzwdfydxnkolslcdij
Lavena,Eliff,diwxdzwieqtscuapmgwy
Carla,Charles,xhkmalbaywbiadykrrug
Massimiliano,Sylvester,nrkhalmcpxtmyxgwwzpt
Dionisio,Gooden,rwugagtqqcxnxbmfaluu
Cletis,Millions,nuakbvsjuwyrhmkhomup
Berna,Kobus,aivdugzcawwkjaaohlun
Brocky,Arpino,nwwivxcthzjyjryxacpf
Suzanne,Gorbell,vmbbjbiaqwpbogiqnpju
Cori,Fidilis,ydlelkpnwpqrbjruktgh
Christoph,Barnsdale,yetfcjxjoohprssnguox
Malvin,Zanuciolii,wqaybzoknktyylcripke
Pippa,Guille,rlrwbpnildzxtavyiciw
Enrico,Sandom,jcuxcaxccltwqkhbkffq
Kitti,Mangenot,usxyxkidakvtbefzddfa
Orelle,Ivanin,zgatpopcsxklfefozxix
Brent,Lismer,iaoileqlitbpyudelnjk
Else,Templeton,cnrgpqkkkjqtxoufheto
Barbette,Beatty,nneipmgcdladckdnugbm
Bealle,Stook,egxbymdkfuhbanqwadwj
Marlowe,Rubinivitz,vgflmijdildpxqblmoij
Cati,Dounbare,dhvejqikwxnsyanczkeq
Lucy,Markus,gjvayceooqcyhwxjvpyn
Hyacinthe,Carous,bnwqqotnapzjrzhdpcuq
Ranique,Vallerine,dnrobwtuiopgqqfdinro
Katherine,Codman,xriolaelxrftdyztwjmf
Nana,Bracchi,qwcqcctwyvpbaameavpj
Hyman,Cheine,uqtkzmfsmgxndzyjjdru
Doralyn,Simonelli,tnnrxjafndktftbkxbhl
Ansley,Napoleon,bfmldimeqauoncoaudnd
Aristotle,Schutte,giropzpdpqjppyppfaii
Tasha,Charity,wxqantnrjvlhwqnzdlcm
Thomasa,Cass,mfuhdognbmblvnhclxlu
Annie,Meek,bwtlcsayfnprgczchsfm
Morganica,Rodge,nthhrhctnplzlohigisc
Kareem,Brookbank,dnvidyxbqbcjxiygldoo
Vance,Vlahos,atfiglzswgzvoywxvhzg
Scarface,Coupar,gctgtchxobayfegrpvvy
Eran,Bonus,lwevsexmabkeksifllvw
Delmer,Sizeland,wahetihiacqahgmituml
Dov,Yurasov,rjmoygdxfntxrauuvgaj
Hanson,Huguet,ifduxtaqdfqxburpenkv
Amalia,Ferraretto,cerptyialiopfewznrlg
Tonie,Paoletto,mqvipalchbbchyqknsar
Becki,Fores,bzavsjcbkplajnwcnlwn
Rochella,Neely,pscuzmxeltgbhwilepuq
Wandis,Faucett,jkhosheujicwiguobasx
Blake,Bernardos,ihfmmhyntxiouwjaejdz
Ema,Whitnall,ajhswyuwwcgslididmoj
Scarface,Van Arsdall,aipltiwusphmiketxger
Morley,Wittke,veawabysxdiimwnjbdmh
Muriel,Claesens,nzemhkfzezfivpcfmopg
Michelina,Stopp,shdaargttxkablpbvnuu
Caro,Kelbie,imoxqxxusiiyjuxrwiju
Laurens,Horribine,jxkhixhkrrtttgbwdlxj
Sayers,Fredi,nnbzjggxtsgqcnfcfcmm
Maurice,Pitfield,whcxrfpvenvrnbfzqbyd
